"id","title","contents","owner_id","created_at","modified_at","category_id","rating"
28,"The Fascinating History of Goldsmithing","
<h1>The Fascinating History of Goldsmithing</h1><img alt=""The Fascinating History of Goldsmithing"" height=""500"" src=""/images/20240118015239_ccb7f50e-eed4-4aad-93fc-2a3e4083bcdb.jpg"" width=""500""/>
<p>Goldsmithing has been an important craft since ancient times. Its history is truly global, with cultures on most continents refining gold in their own unique ways to create useful and beautiful items.</p>
<h2>Introduction</h2>
<p>Goldsmithing is an ancient art that has captivated people for centuries. From the intricate jewelry of ancient civilizations to the elaborate gold artifacts of the Middle Ages, goldsmithing has played a significant role in human history. In this blog post, we will explore the fascinating history of goldsmithing, focusing on the ancient Near East, Europe, and the Middle Ages. Join me as we journey through time and discover the origins and evolution of this remarkable craft.</p>
<h2>Goldsmithing in the Ancient Near East and Europe</h2>
<p>The ancient Near East is widely considered the birthplace of goldsmithing. The skilled artisans of Mesopotamia, Egypt, and surrounding regions created exquisite items from gold. One of the most iconic examples of goldsmithing from the ancient Near East is the gilded coffins found in Egyptian sarcophaguses. These beautifully crafted coffins provide a glimpse into the incredible talent and craftsmanship of ancient artisans.</p>
<p>The techniques used by gold artists in the Near East spread to ancient Greece and Rome, where the industry flourished. The Romans, known for their advanced mining methods, shared their knowledge with the Spanish, establishing goldsmithing as a prominent craft across ancient Europe. Celtic tribes migrating around Europe also adopted goldsmithing skills, contributing to the widespread practice of the craft throughout the continent.</p>
<h2>Goldsmithing of the Middle Ages</h2>
<p>The demand for gold items surged during the Middle Ages with the spread of Christianity. Gold became an integral part of religious art and tools used in churches. Carolingian and Ottonian mosaics, predominantly made of gold, depicted important religious figures and scenes. The illuminated manuscripts meticulously created by medieval monks also featured intricate gold designs, showcasing the skill and dedication of these craftsmen.</p>
<p>In the Middle Ages, goldsmiths played a vital role in the economy. During prosperous times, they were commissioned to create a wide range of goods. In times of economic hardship, they were tasked with melting down gold items for coinage. Guilds, which controlled and regulated various trades, including goldsmithing, emerged during this period. These guilds ensured quality control, facilitated apprenticeships, and produced master goldsmiths, shaping the industry for centuries to come.</p>
<h2>Renaissance and Post-Renaissance Goldsmithing</h2>
<p>The Renaissance period witnessed a resurgence in goldsmithing, with advancements in technology and artistic styles. Goldsmiths embraced new techniques and tools, resulting in intricate and stunning creations. The use of gemstones, enameling, and filigree became popular during this period, adding even more richness and beauty to goldsmithing.</p>
<p>In the post-Renaissance era, goldsmithing continued to evolve alongside changes in fashion and technology. The Industrial Revolution brought mass production and a shift towards machine-made jewelry, but skilled goldsmiths still thrived, catering to those who appreciated the artistry and craftsmanship of handmade pieces.</p>
<h2>Conclusion</h2>
<p>Goldsmithing is an ancient art that has evolved over the centuries alongside changes in technology and artistic styles. From the simple hammering techniques used by ancient civilizations to the complex computer-aided design tools of today, goldsmithing has remained a popular and important art form throughout history. The techniques and tools used by goldsmiths have allowed them to create intricate and beautiful objects that have been treasured by people for generations. Whether you are a professional goldsmith or simply appreciate the beauty of gold and metalworking, the evolution of goldsmithing techniques is a fascinating journey that continues to inspire and captivate people today.</p>
",1,"2024-01-17 16:52:39.857652","2024-01-17 16:52:39.857652",6,3
30,"The Fascinating History of Gold Jewelry: From Ancient Times to Modern Trends","
<h1>The Fascinating History of Gold Jewelry: From Ancient Times to Modern Trends</h1><img alt='""The Fascinating History of Gold Jewelry: From Ancient Times to Modern Trends""' height=""500"" src=""/images/20240118112439_5b62f43d-ed07-430b-a2e0-51d53b5a65b6.jpg"" width=""500""/>
<p>Gold jewelry has always held a special place in our hearts. Its rich color, exquisite craftsmanship, and timeless appeal make it a beloved choice for adornment. But have you ever wondered about the history behind this precious metal? From ancient civilizations to modern trends, gold jewelry has a fascinating story to tell. Join me as we explore the journey of gold jewelry through the ages.</p>
<h2>Introduction</h2>
<p>Gold has been cherished and valued since ancient times. It was one of the first metals to be discovered by humans, and its rarity and beauty made it highly coveted. From its early uses in ancient civilizations to its role in shaping modern jewelry trends, gold has always been a symbol of wealth, power, and beauty.</p>
<h2>The Origins of Gold Jewelry</h2>
<p>Gold jewelry has a long and storied history that dates back thousands of years. Ancient civilizations such as the Egyptians, Greeks, and Romans all prized gold for its beauty and durability. Gold was used to create intricate pieces of jewelry, including necklaces, bracelets, rings, and earrings. These pieces often featured elaborate designs and were worn by both men and women.</p>
<p>One of the most famous examples of ancient gold jewelry is the burial mask of Tutankhamun, the young pharaoh of Egypt. This stunning mask is made entirely of gold and is adorned with precious gemstones. It is a testament to the skill and artistry of ancient goldsmiths.</p>
<h2>The Rise of Black Hills Gold Jewelry</h2>
<p>While gold jewelry has been popular throughout history, one particular style stands out: Black Hills Gold jewelry. This unique type of jewelry has a fascinating origin that can be traced back to the American West in the 19th century.</p>
<p>During the gold rush of 1849, emigrant jewelers traveled to the West to craft jewelry from the gold that was being mined. They were inspired by the abundance of grapes in California and began incorporating grape leaf designs into their jewelry. This design eventually made its way to the Black Hills of South Dakota, where it became known as Black Hills Gold.</p>
<p>Black Hills Gold jewelry is characterized by its distinctive grape leaf and fruit designs, which are crafted using a combination of yellow gold, silver, and copper. These pieces are still handmade by artisans today, carrying on the tradition that started over 150 years ago.</p>
<h2>The Beauty of Rose Gold Jewelry</h2>
<p>Another popular trend in gold jewelry is rose gold. This warm and romantic metal has gained popularity in recent years and can be seen in everything from engagement rings to fashion accessories.</p>
<p>Rose gold, also known as pink gold or red gold, is created by alloying gold with copper. The more copper that is added, the stronger the red color will be. Rose gold jewelry has a unique and elegant appearance that is both sophisticated and charming.</p>
<p>One of the reasons rose gold jewelry is so popular is its versatility. It complements all skin types and can be worn with a variety of outfits. Whether you're dressing up for a special occasion or adding a touch of elegance to your everyday look, rose gold jewelry is the perfect choice.</p>
<h2>Modern Trends in Gold Jewelry</h2>
<p>While the history of gold jewelry is fascinating, it's also important to explore the modern trends and innovations in the industry. Today, gold jewelry is more diverse than ever, with a wide range of styles, designs, and materials to choose from.</p>
<p>One of the current trends is minimalist gold jewelry, which features clean lines and simple designs. These pieces are perfect for those who prefer a more understated look. Another popular trend is personalized gold jewelry, where you can have your initials, birthstone, or a special message engraved on a piece of gold jewelry.</p>
<p>Technology has also played a role in shaping the future of gold jewelry. 3D printing and computer-aided design (CAD) have revolutionized the way jewelry is made, allowing for more intricate and complex designs. This has opened up new possibilities for creativity and craftsmanship in the industry.</p>
<h2>Conclusion</h2>
<p>Gold jewelry has a rich and fascinating history that spans thousands of years. From ancient civilizations to modern trends, gold jewelry has remained a symbol of beauty, wealth, and craftsmanship. Whether you prefer the classic elegance of Black Hills Gold or the romantic allure of rose gold, there is a piece of gold jewelry out there for everyone.</p>
<p>Next time you put on a piece of gold jewelry, take a moment to appreciate the centuries of artistry and tradition that went into creating it. Gold jewelry is not just a fashion statement, but a connection to our past and a celebration of our shared humanity.</p>
",1,"2024-01-18 02:24:39.949032","2024-01-18 02:24:39.950027",5,0
27,"The Rise and Fall of the Gold Standard: A Historical Perspective","
<h1>The Rise and Fall of the Gold Standard: A Historical Perspective</h1><img alt='""The Rise and Fall of the Gold Standard: A Historical Perspective""' height=""500"" src=""/images/20240118015015_ffa553b1-91e2-496e-8f84-78b4c6924a20.jpg"" width=""500""/>
<p>Every few years, the idea of the gold standard becomes a hot topic. And why not? Gold is shiny and valuable, and people like it.</p>
<h2>The Gold Standard's History</h2>
<p>The gold standard has roots in ancient history: Gold was used to fund trade and finance wars. What would people accept in exchange for their labor or goods? They wanted something tangible and of value. Gold was a good fit because of its limited supply and, frankly, because it was pretty. So, new and forming countries relied on the shiny stuff.</p>
<p>The U.S. was no different. Commercial banks and Federal Reserve banks had a gold reserve requirement. They had to keep reserves of gold in their vaults equal to a fraction of the money they issued.</p>
<blockquote>
<p>""For every Federal Reserve dollar that was issued, the Reserve Bank had to have 40 cents worth of gold in its vault downstairs in the basement,"" explained David Wheelock, vice president and deputy director of research.</p>
</blockquote>
<p>And then the Great Depression hit. People hoarded gold instead of depositing it in banks, which created an international gold shortage. Countries around the world basically ran out of supply and were forced off the gold standard. The U.S. came off the gold standard for domestic transactions in 1933 and ended international convertibility of the dollar to gold in 1971.</p>
<h2>Why Not Go Back to the Gold Standard?</h2>
<p>There are significant problems with tying currency to the gold supply:</p>
<ul>
<li>It doesn't guarantee financial or economic stability.</li>
<li>It's costly and environmentally damaging to mine.</li>
<li>The supply of gold is not fixed.</li>
</ul>
<p>""The U.S. mines a lot of gold, but we're not the biggest producer,"" Wheelock said. ""The bigger suppliers of gold would have more control over our monetary policy, and there's no reason to have it because we can get the advantages of the gold standard and avoid the disadvantages without being on a gold standard.""</p>
<h2>Conclusion</h2>
<p>The rise and fall of the gold standard is a fascinating historical topic that sheds light on the evolution of monetary systems and their impact on economies. While the gold standard provided stability in the past, it is not a viable option in today's globalized economy. Understanding the reasons behind its downfall can help us appreciate the complexities of modern monetary policies and the importance of flexibility in adapting to changing economic conditions.</p>
",1,"2024-01-17 16:50:15.458188","2024-01-17 16:50:15.458188",6,4
31,"The Impact of Gold Mining on the Environment and Local Communities","
<h1>The Impact of Gold Mining on the Environment and Local Communities</h1><img alt='""The Impact of Gold Mining on the Environment and Local Communities""' height=""500"" src=""/images/20240118112713_0a35be6e-9ec7-406f-8ee7-3d984a7c7b78.jpg"" width=""500""/>
<p>Gold mining is a lucrative industry that has been around for centuries. It has provided economic benefits to countries and communities around the world. However, the environmental impact of gold mining cannot be ignored. The extraction and processing of gold can have detrimental effects on the environment and the local communities in which it takes place. In this blog post, we will explore the impact of gold mining on the environment and local communities, as well as discuss potential solutions and improvements.</p>
<h2>Introduction</h2>
<p>Gold mining is a complex process that involves the extraction and processing of gold ore. This process often involves the use of chemicals such as cyanide, which can have devastating effects on the environment. The extraction of gold can lead to deforestation, habitat destruction, and pollution of water sources. Additionally, the presence of gold mines can disrupt local communities and lead to social and economic challenges.</p>
<h2>Environmental Impact</h2>
<h3>Ecological Disturbance</h3>
<p>One of the most significant environmental impacts of gold mining is ecological disturbance. The extraction of gold often involves clearing large areas of land, which can result in deforestation and habitat loss. This destruction of natural habitats can lead to the extinction of many animal and plant species, disrupting the delicate balance of ecosystems.</p>
<h3>Destruction of Fauna and Flora</h3>
<p>Gold mining activities can also lead to the destruction of fauna and flora. The use of chemicals such as cyanide can contaminate water sources and kill aquatic life. Additionally, the clearing of land for mining can destroy plant species and disrupt the food chain, leading to a decline in biodiversity.</p>
<h3>Land and Landscape Degradation</h3>
<p>The extraction of gold can result in land and landscape degradation. Open-pit mining, a common method used in gold mining, can leave large craters in the earth, altering the natural landscape. This degradation can have long-lasting effects on the environment and local communities, affecting the quality of soil, water, and air.</p>
<h2>Socio-Economic Impact</h2>
<p>In addition to the environmental impact, gold mining can also have significant socio-economic effects on local communities. The appropriation of land by mining companies can disrupt the livelihoods of local communities, leading to social and economic challenges. The noise and pollution associated with mining activities can also impact the health and well-being of nearby residents.</p>
<p>However, it is important to note that gold mining can also provide economic benefits to local communities. Mining operations can create job opportunities and stimulate economic growth. Additionally, mining companies can contribute to local infrastructure development, such as building roads, schools, and hospitals. It is crucial to strike a balance between the economic benefits of gold mining and the protection of the environment and local communities.</p>
<h2>The Way Forward</h2>
<p>The environmental impact of gold mining is a pressing concern, but the industry is actively working toward more responsible practices. The need to balance economic benefits with environmental sustainability is evident. Responsible mining, government regulations, and community involvement are vital for preserving ecosystems, protecting the planet, and ensuring a sustainable future for gold mining.</p>
<p>This detailed exploration of gold mining and its environmental sustainability highlights the challenges, achievements, and future prospects of this industry. Balancing the economic importance of gold with the imperative of protecting the environment is a task that demands the collaboration of governments, mining companies, and local communities. By adopting cleaner technologies, responsible mining practices, and rigorous certifications, the gold mining industry is charting a more sustainable course for the future.</p>
<p>Click <a href=""https://www.example.com"">here</a> for more investment tips.</p>
",1,"2024-01-18 02:27:13.655063","2024-01-18 02:27:13.655063",1,0
36,"The Gold Rush: A Historical Overview and Legacy","
<h1>The Gold Rush: A Historical Overview and Legacy</h1><img alt='""The Gold Rush: A Historical Overview and Legacy""' height=""500"" src=""/images/20240118113617_15b8275d-713d-4b01-81d9-fe50376b7b6b.jpg"" width=""500""/>
<p>Have you ever wondered about the historical significance of the Gold Rush? How did it shape the course of history and leave a lasting legacy? Join me on this journey as we explore the fascinating story of the Gold Rush and its impact on society.</p>
<h2>Introduction</h2>
<p>Picture this: it's the 19th century, and news of a massive gold discovery has spread like wildfire. People from all walks of life rush to California in search of fortune and a better life. This was the beginning of the famous Gold Rush, a pivotal moment in American history that transformed the landscape, economy, and culture of the West forever.</p>
<h2>The Birth of a Dream</h2>
<p>It all started on January 24, 1848, when James W. Marshall discovered gold at Sutter's Mill in Coloma, California. News of his discovery quickly spread, attracting thousands of eager individuals hoping to strike it rich. The promise of wealth and opportunity lured people from all corners of the globe, creating a diverse and bustling community in the heart of California.</p>
<p>The Gold Rush brought together people from different backgrounds, including miners, merchants, farmers, and adventurers. They all shared a common goal: to find gold and make a better life for themselves and their families. The influx of people led to the rapid growth of towns and cities, such as San Francisco, Sacramento, and Stockton, which became thriving centers of commerce and trade.</p>
<h2>The Impact on Society</h2>
<p>The Gold Rush had far-reaching effects on society, both positive and negative. Let's take a closer look at some of the key aspects:</p>
<h3>Economic Boom</h3>
<p>One of the most significant impacts of the Gold Rush was the economic boom it generated. The sudden influx of gold created a surge in wealth, as miners and merchants profited from the gold trade. The economy of California boomed, attracting investors and entrepreneurs who saw the potential for growth. Railroads were built, businesses flourished, and the state experienced rapid development.</p>
<h3>Population Growth and Diversity</h3>
<p>The Gold Rush brought people from all over the world to California. People from Europe, Asia, South America, and beyond flocked to the Golden State in search of fortune. This influx of diverse cultures and perspectives shaped the identity of California and contributed to its multicultural society. It also played a crucial role in the growth of cities and the development of infrastructure.</p>
<h3>Environmental Impact</h3>
<p>The Gold Rush had a significant environmental impact on California's landscape. Rivers and streams were diverted and polluted as miners used hydraulic mining techniques to extract gold. Forests were cleared, and the land was stripped of its natural resources. This exploitation of the environment had long-lasting consequences, leading to soil erosion, loss of biodiversity, and habitat destruction.</p>
<h2>The Legacy Lives On</h2>
<p>The legacy of the Gold Rush can still be seen today, more than 150 years later. Its impact on California's economy, society, and environment is undeniable. Here are some ways in which the Gold Rush continues to shape our world:</p>
<h3>Tourism and Cultural Heritage</h3>
<p>The Gold Rush has become a significant part of California's cultural heritage. Tourists from around the world visit historic sites like Sutter's Mill and the California State Mining and Mineral Museum to learn about this pivotal moment in history. The Gold Rush also inspired countless books, movies, and artworks, immortalizing the stories of those who participated in the quest for gold.</p>
<h3>Economic Significance</h3>
<p>Gold mining continues to be an important economic activity in California. Even though the days of easily accessible gold nuggets are long gone, modern mining techniques allow for the extraction of smaller amounts of gold from the earth. The gold industry still plays a role in the state's economy, providing jobs and contributing to local communities.</p>
<h3>Lessons Learned</h3>
<p>The Gold Rush taught us valuable lessons about the consequences of rapid industrialization and unchecked exploitation of natural resources. It serves as a reminder of the need for responsible environmental stewardship and sustainable development. By studying this period in history, we can learn from past mistakes and strive for a more balanced and harmonious relationship with the environment.</p>
<h2>Conclusion</h2>
<p>The Gold Rush was a transformative period in American history that left an indelible mark on California and the world. It shaped the economy, society, and environment of the West, and its legacy can still be felt today. By understanding the historical significance of the Gold Rush, we can appreciate the challenges and triumphs of those who participated in this extraordinary event. Let us learn from the past and strive for a future that balances economic growth with environmental sustainability.</p>
<p>So, the next time you walk along the streets of San Francisco or visit the California State Mining and Mineral Museum, take a moment to reflect on the remarkable story of the Gold Rush and its enduring legacy.</p>
",1,"2024-01-18 02:36:17.943329","2024-01-18 02:36:17.943329",10,0
37,"The Impact of Gold Mining on the Environment","
<div class=""container"">
<h1>The Impact of Gold Mining on the Environment</h1><img alt='""The Impact of Gold Mining on the Environment""' height=""500"" src=""/images/20240118113742_a312e50f-33dc-4786-9d45-ac623ad6332a.jpg"" width=""500""/>
<p>Growing up, I was always fascinated by gold. Its shimmering beauty and rarity captured my imagination. But as I learned more about the process of gold mining and its impact on the environment, I realized that there is a darker side to this precious metal. In this blog post, I want to shed light on the environmental consequences of gold mining and why it is a problem that needs our attention.</p>
<h2>The Environmental Effects of Gold Mining</h2>
<p>Gold mining has become a major industry in many parts of the world, with the Amazon region in Brazil and the Madre de Dios region in Peru being particularly affected. The extraction of gold has led to a powerful informal mining sector, which has brought both wealth and devastation to these areas.</p>
<p>One of the most significant environmental problems caused by gold mining is the pollution of mercury. Mercury is an important input in the gold extraction process, but it is being discharged into the atmosphere and rivers at alarming rates. This mercury pollution not only affects the immediate environment but also has long-term consequences for future generations.</p>
<p>Researchers have found high levels of mercury in the hair samples of residents living near gold mining sites in the Madre de Dios region of Peru. This exposure to mercury can lead to severe health issues, including brain and kidney damage. Additionally, the mercury accumulates in fish, which are a vital food source for the local population.</p>
<h2>The Need for Change</h2>
<p>The current extraction technology used in gold mining is unsustainable and poses a significant threat to the environment and human health. It is crucial that we find alternative methods that minimize the use of mercury and reduce its discharge into the environment.</p>
<p>One possible solution is the use of appropriate technology that can curtail future discharges of mercury. This technology, combined with environmental education and a combination of command and control measures and market-based incentives, can help mitigate the environmental costs of gold mining.</p>
<h2>Taking Action</h2>
<p>As concerned individuals, we can take action to address the impact of gold mining on the environment:</p>
<ul>
<li>Educate ourselves and others about the environmental consequences of gold mining.</li>
<li>Support and advocate for the use of alternative extraction technologies that minimize the use of mercury.</li>
<li>Encourage responsible mining practices and the enforcement of environmental regulations.</li>
<li>Choose to buy ethically sourced and certified gold to reduce demand for environmentally damaging mining practices.</li>
<li>Support organizations and initiatives that work towards sustainable mining practices.</li>
</ul>
<h2>Conclusion</h2>
<p>Gold mining may be a lucrative industry, but its impact on the environment cannot be ignored. The pollution of mercury and other environmental consequences pose a significant threat to both the immediate and long-term well-being of ecosystems and human populations.</p>
<p>By taking action and advocating for sustainable mining practices, we can make a difference. Let's work together to ensure that the pursuit of gold does not come at the expense of our planet.</p>
</div>
",1,"2024-01-18 02:37:42.255982","2024-01-18 02:37:42.255982",5,0
38,"The Role of Gold in Modern Investments and Financial Markets","
<h1>The Role of Gold in Modern Investments and Financial Markets</h1><img alt='""The Role of Gold in Modern Investments and Financial Markets""' height=""500"" src=""/images/20240118113841_fd897533-29af-45d7-b3da-6a6fbeb5de0b.jpg"" width=""500""/>
<p>Gold has been a valuable and coveted asset throughout history, and its role in modern investments and financial markets continues to be significant. In this blog post, we will explore the reasons why gold remains a popular investment option, its benefits and advantages, and how it can be a valuable addition to any investment portfolio.</p>
<h2>Introduction</h2>
<p>Gold has always held a special place in our society. It has been used as currency, a store of value, and a symbol of wealth for centuries. Even in today's modern world, gold continues to play a crucial role in investments and financial markets. Whether you are a seasoned investor or someone just starting to explore the world of finance, understanding the role of gold can provide valuable insights and opportunities for your financial journey.</p>
<h2>The Historical Significance of Gold</h2>
<p>Gold has been valued and treasured since ancient times. Its scarcity, durability, and aesthetic appeal have made it a preferred choice for various purposes. In the past, gold was used as a medium of exchange and a symbol of wealth. It provided stability in economic systems and served as a reliable store of value during times of uncertainty.</p>
<p>Today, gold still maintains its historical significance. It is widely recognized as a safe-haven asset, meaning that it tends to hold its value or even appreciate during times of economic downturns or market volatility. This characteristic makes gold an attractive option for investors looking to protect their wealth and mitigate risks.</p>
<h2>The Role of Gold in Diversification</h2>
<p>One of the key reasons why gold remains a popular investment choice is its ability to diversify a portfolio. Diversification is the process of spreading investments across different asset classes to reduce overall risk. Gold, being a unique asset class, has a low correlation with traditional investments such as stocks and bonds. This means that when the value of stocks or bonds decreases, the value of gold may not necessarily follow the same trend.</p>
<p>Adding gold to a diversified portfolio can help mitigate losses during market downturns and provide a hedge against inflation. It can act as a counterbalance to other investments, potentially reducing overall volatility and enhancing long-term returns.</p>
<h2>The Advantages of Investing in Gold</h2>
<p>Investing in gold offers several advantages that make it an attractive option for investors:</p>
<ul>
<li><strong>Preservation of Wealth:</strong> Gold has proven to be a reliable store of value over time. It has maintained its purchasing power and has often served as a hedge against inflation.</li>
<li><strong>Liquidity:</strong> Gold is highly liquid, meaning it can be easily bought or sold on various platforms, including physical gold, gold exchange-traded funds (ETFs), and gold futures.</li>
<li><strong>Global Demand:</strong> Gold has universal appeal and is in demand worldwide. Its value is not limited to any specific country or currency, making it a globally recognized asset.</li>
<li><strong>Portfolio Protection:</strong> Gold can provide a cushion during economic downturns or market uncertainties, helping to preserve and protect the overall value of an investment portfolio.</li>
</ul>
<h2>How to Invest in Gold</h2>
<p>Investing in gold can be done in various ways, depending on individual preferences and investment goals:</p>
<ul>
<li><strong>Physical Gold:</strong> This involves purchasing gold in the form of coins, bars, or jewelry. Physical gold offers ownership and control over the asset.</li>
<li><strong>Gold ETFs:</strong> Exchange-traded funds (ETFs) are investment funds that trade on stock exchanges. Gold ETFs track the price of gold and provide exposure to the commodity without the need for physical ownership.</li>
<li><strong>Gold Mining Stocks:</strong> Investing in gold mining companies allows investors to indirectly gain exposure to the price of gold. These stocks can be bought and sold on stock exchanges.</li>
<li><strong>Gold Futures and Options:</strong> For more advanced investors, gold futures and options provide opportunities to speculate on the future price of gold.</li>
</ul>
<h2>Conclusion</h2>
<p>In conclusion, gold continues to play a vital role in modern investments and financial markets. Its historical significance, ability to diversify portfolios, and numerous advantages make it an attractive asset for investors. Whether you are seeking stability, preservation of wealth, or a hedge against inflation, gold can be a valuable addition to your investment strategy.</p>
<p>As with any investment, it is essential to do thorough research, understand the risks involved, and consult with a financial advisor before making any investment decisions. By taking these steps, you can harness the benefits of gold and make informed choices that align with your financial goals.</p>
",1,"2024-01-18 02:38:41.877022","2024-01-18 02:38:41.877022",10,0
39,"The Rise and Fall of the Gold Standard: An Insight into its Impact on Global Economies","
<h1>The Rise and Fall of the Gold Standard: An Insight into its Impact on Global Economies</h1><img alt=""The Rise and Fall of the Gold Standard: An Insight into its Impact on Global Economies"" height=""500"" src=""/images/20240118114028_f898250a-067b-4446-b2cd-0b8a8bb7b01e.jpg"" width=""500""/>
<p>Have you ever wondered about the history and impact of the gold standard on global economies? In this blog post, we will explore the rise and fall of the gold standard, its significance, and how it has shaped the financial landscape we see today.</p>
<h2>The Gold Standard: A History</h2>
<p>Before we delve into the details, let's take a step back and understand what the gold standard actually is. In simple terms, the gold standard is a monetary system where paper money is directly convertible into a fixed amount of gold. It has its roots in the centuries-old practice of using gold as a medium of exchange.</p>
<p>For thousands of years, gold has been revered for its properties â€“ its luster, malleability, density, and scarcity. It has captivated humankind like no other metal and has been used for various purposes, from worship to jewelry making.</p>
<p>But it wasn't until around 700 B.C. that gold was made into coins, making it easier to use as a monetary unit. However, even with the introduction of gold coins, there were challenges, such as the practice of clipping coins to accumulate enough gold. It wasn't until the Great Recoinage in England in 1696 that the production of coins was automated, putting an end to the clipping practice.</p>
<p>By 1821, England became the first country to officially adopt the gold standard. This marked the beginning of an era where most developed nations linked their currencies to gold. The gold standard facilitated international trade, as all trade imbalances were settled with gold. Governments had a strong incentive to accumulate gold reserves, and this period saw a significant increase in gold discoveries.</p>
<h2>The Fall of the Gold Standard</h2>
<p>However, the gold standard was not without its flaws. The outbreak of World War I in 1914 disrupted the system, and the confidence in the gold standard began to wane. Governments faced economic difficulties, and as a result, the gold standard was suspended during the war. This lack of confidence in the system only exacerbated the economic challenges.</p>
<p>After World War I, the consolidation of gold into the hands of a few large nations became more pronounced. The British pound sterling and the U.S. dollar became the dominant global reserve currencies, and smaller countries started holding more of these currencies rather than gold. This led to a decline in the importance of gold in the global economy.</p>
<p>The stock market crash of 1929 and the subsequent economic challenges further weakened the gold standard. Many countries raised interest rates to protect their gold reserves, but this only worsened the global economy. In 1931, the gold standard was suspended in England, leaving only the U.S. and France with significant gold reserves.</p>
<p>In 1934, the U.S. government revalued gold, effectively devaluing the U.S. dollar. This move allowed the U.S. to corner the gold market, and the production of gold soared. By 1939, there was enough gold in the world to replace all global currency in circulation.</p>
<h2>Gold vs. the U.S. Dollar</h2>
<p>As World War II was coming to an end, the Bretton Woods Agreement was developed. Under this agreement, all national currencies were valued in relation to the U.S. dollar, which became the dominant reserve currency. The dollar, in turn, was convertible to gold at a fixed rate.</p>
<p>The Bretton Woods system operated on a gold standard, albeit in a more indirect manner. However, this system eventually faced challenges and was abandoned in 1971. Since then, the global economy has moved away from the gold standard, and currencies are no longer directly convertible into gold.</p>
<h2>The Impact on Global Economies</h2>
<p>The rise and fall of the gold standard had a significant impact on global economies. Here are some key points to consider:</p>
<ul>
<li>The gold standard facilitated international trade by providing a stable and universally accepted medium of exchange.</li>
<li>It incentivized governments to accumulate gold reserves, which provided stability during economic downturns.</li>
<li>The gold standard was not without its flaws and faced challenges during times of war and economic crises.</li>
<li>The decline of the gold standard led to the dominance of the U.S. dollar and the shift towards a more flexible global monetary system.</li>
<li>The abandonment of the gold standard allowed for more flexibility in monetary policy, but also introduced new challenges and risks.</li>
</ul>
<h2>Conclusion</h2>
<p>The rise and fall of the gold standard is a fascinating chapter in economic history. It highlights the complexities and challenges of maintaining a fixed monetary system based on a finite resource. While the gold standard provided stability and facilitated international trade, it also faced limitations and ultimately gave way to a more flexible global monetary system.</p>
<p>Understanding the impact of the gold standard on global economies is essential for making sense of the current financial landscape. As the world continues to evolve, it is crucial to consider the lessons learned from the rise and fall of the gold standard and apply them to the challenges and opportunities that lie ahead.</p>
<p>So, the next time you hear about the gold standard or its historical significance, you'll have a deeper understanding of its impact on global economies. Stay informed, stay curious, and keep exploring the fascinating world of economics!</p>
",1,"2024-01-18 02:40:28.380763","2024-01-18 02:40:28.380763",7,0
40,"The History and Symbolism of Gold in Jewelry","
<h1>The History and Symbolism of Gold in Jewelry</h1><img alt=""The History and Symbolism of Gold in Jewelry"" height=""500"" src=""/images/20240118114157_0ad1ae4f-5505-4e21-bd3c-48063d325557.jpg"" width=""500""/>
<p>As the seasons change and the air cools, our thoughts turn to the rich hues and warm tones of gold. Gold has long been revered for its beauty and value, making it a popular choice for jewelry throughout history. In this blog post, we will explore the history and symbolism of gold in jewelry, from its ancient origins to its modern-day significance.</p>
<h2>A Brief Origin Story</h2>
<p>Gold has been used in jewelry for thousands of years, with evidence dating back to as early as 4000 B.C. in Eastern Europe and Iraq. During the Georgian and Victorian eras, gold was particularly popular in jewelry, often adorned with diamonds, turquoise, rubies, sapphires, and other precious stones. This era saw the use of elaborate engravings, etchings, and black enamel, creating intricate and opulent designs.</p>
<p>Gold carat weight varies from 8k to 24k, with the minimum carat weight for gold classification varying by country. The addition of copper, silver, and other base metals allows for variations in color and carat weight. Jewelry from India is known for its higher concentrations of gold, resulting in a soft, richly yellow look. Antique Russian jewelry, on the other hand, contains copper, creating the rose gold effect.</p>
<p>Gold itself has a fascinating history. It has one of the highest atomic numbers of any substance in the universe and was produced in a supernova from a collision of neutron stars soon after the big bang. While gold is present in the Earth's core, the gold we mine today most likely arrived on our planet via an asteroid impact during the Late Heavy Bombardment era about 4 billion years ago. The journey from the stars to our little shop is truly remarkable.</p>
<h2>The Importance of Ethical and Sustainable Gold Mining</h2>
<p>Most of the gold used in jewelry is mined from underground mines or extracted from alluvial deposits. Gold mining is a significant source of employment and revenue for many countries, particularly in Africa and South America. However, the gold mining industry has faced criticisms and controversies over the years, including environmental degradation, labor practices, and human rights violations.</p>
<p>To address these issues, many companies and organizations have implemented ethical and sustainable practices in gold mining. Ethical gold mining involves obtaining gold without harming the environment or exploiting workers, while sustainable gold mining aims to reduce carbon emissions, minimize waste production, and use renewable energy sources. Organizations like the Responsible Jewelry Council and the Alliance for Responsible Mining play a crucial role in promoting responsible practices through certification, training, and awareness.</p>
<p>At our shop, we prioritize sourcing gold from providers who adhere to fair and ethical practices. By choosing jewelry made with ethically sourced gold, you can wear your jewelry with pride, knowing that it was produced without causing harm to the environment or violating human rights.</p>
<h2>Understanding Gold Karat Weight</h2>
<p>When selling gold, it's important to understand the karat weight, which refers to the purity of gold. The most common karat weights and their corresponding gold purity percentages are as follows:</p>
<ul>
<li><strong>24 karat gold:</strong> 100% pure gold, but also the softest and most malleable form.</li>
<li><strong>22 karat gold:</strong> 91.67% pure gold, mixed with other metals for strength and durability.</li>
<li><strong>18 karat gold:</strong> 75% pure gold and 25% other metals, popular for fine jewelry.</li>
<li><strong>14 karat gold:</strong> 58.33% pure gold and 41.67% other metals, common for jewelry in the United States.</li>
<li><strong>10 karat gold:</strong> 41.67% pure gold and 58.33% other metals, the minimum karat weight considered ""gold"" in the United States.</li>
</ul>
<p>The higher the karat weight, the more valuable and pure the gold, but also the softer and less durable it will be. The lower the karat weight, the less pure and valuable the gold, but also the stronger and more durable it will be. When selling your gold jewelry, factors such as diamonds, precious gemstones, and the resale potential on the estate jewelry market will also be taken into consideration.</p>
<p>If you're looking to sell gold jewelry in La Jolla, we offer cash appraisals. Contact our San Diego gold buyer, Carl Blackburn, at 858-251-3006 to make an appointment and learn more.</p>
<h2>Conclusion</h2>
<p>Gold has a rich history and deep symbolism in the world of jewelry. From its ancient origins to its modern-day significance, gold continues to captivate us with its beauty and value. By understanding the history and symbolism of gold, as well as the importance of ethical and sustainable practices in gold mining, we can make informed choices when purchasing and wearing gold jewelry.</p>
<p>Next time you wear a gold piece, take a moment to appreciate the centuries of craftsmanship, the journey from the stars, and the efforts made to ensure its ethical and sustainable production. Gold is not just a precious metal; it's a symbol of enduring beauty and human ingenuity.</p>
",1,"2024-01-18 02:41:57.873517","2024-01-18 02:41:57.873517",4,0
41,"The Significance of Gold in Ancient Civilizations","
<h1>The Significance of Gold in Ancient Civilizations</h1><img alt='""The Significance of Gold in Ancient Civilizations""' height=""500"" src=""/images/20240118114320_f146a943-29b8-4a7c-b051-1c64e9a36d6d.jpg"" width=""500""/>
<p>Gold has captivated humans for centuries. Its shiny, yellow appearance and scarcity have made it a highly prized metal throughout history. From ancient Egypt to the Inca Empire, gold played a vital role in the cultures and economies of many ancient civilizations. In this blog post, we will explore the significance of gold in ancient civilizations and uncover why it holds such a special place in human history.</p>
<h2>The Allure of Gold</h2>
<p>Gold has always held a special allure for humans. Its brilliance and durability made it the perfect material for creating beautiful and valuable objects. Ancient civilizations recognized its unique properties and transformed it into intricate jewelry, religious artifacts, and even currency. Gold became a symbol of wealth, power, and status, and its association with the divine elevated its significance even further.</p>
<h2>The Economic Importance of Gold</h2>
<p>In addition to its cultural and symbolic value, gold played a crucial role in the economies of ancient civilizations. It served as a medium of exchange and facilitated trade between different regions. Gold coins were minted and used as currency, providing a standardized form of payment that transcended language and cultural barriers. The abundance or scarcity of gold in a civilization often determined its economic strength and stability.</p>
<h2>Religious and Spiritual Significance</h2>
<p>Gold had a deep religious and spiritual significance in ancient civilizations. Many cultures believed that gold had divine properties and was imbued with the power of the gods. It was frequently used to create sacred objects and adorn religious temples. The Egyptians, for example, used gold to construct elaborate burial masks for their pharaohs, believing that the metal would protect and guide them in the afterlife.</p>
<h2>The Role of Gold in Art and Architecture</h2>
<p>Ancient civilizations used gold extensively in their art and architecture. It was employed to create magnificent sculptures, intricate jewelry, and decorative elements in buildings and temples. The craftsmanship and skill required to work with gold were highly valued, and the resulting creations were seen as a testament to a civilization's cultural and artistic achievements.</p>
<h2>Preservation of Wealth and Legacy</h2>
<p>Gold's durability and resistance to corrosion made it an ideal material for preserving wealth and cultural heritage. Many ancient civilizations buried their gold treasures, ensuring their safekeeping for future generations. Archaeologists and historians have uncovered these hidden treasures, providing valuable insights into the lives and achievements of ancient civilizations.</p>
<h2>The Enduring Legacy of Gold</h2>
<p>Today, gold continues to hold a special place in our society. Its value as a precious metal and investment asset remains strong. The jewelry industry relies heavily on gold, and its cultural and symbolic significance persists. Gold has transcended time and continues to captivate us with its beauty and allure.</p>
<h2>Conclusion</h2>
<p>The significance of gold in ancient civilizations cannot be overstated. It served as a symbol of wealth, power, and divinity, and played a vital role in economies and cultures. Its enduring legacy lives on today, reminding us of the timeless allure of this precious metal.</p>
",1,"2024-01-18 02:43:20.355876","2024-01-18 02:43:20.355876",10,0
9,"The History and Significance of Gold as a Global Currency","
<h1>The History and Significance of Gold as a Global Currency</h1><img alt='""The History and Significance of Gold as a Global Currency""' height=""500"" src=""/images/20240121142755_353a8156-379e-401b-82d0-881c35baa945.jpg"" width=""500""/>
<p>Gold has always been regarded as a precious metal throughout human history. It has been used for various purposes, such as jewelry, trade, and as a store of value. From the early civilizations to the modern era, gold has played a significant role in shaping the economies and societies of various cultures. This article will explore the history of gold as a currency and store of value throughout human civilization.</p>
<h2>Early History of Gold</h2>
<p>The history of gold dates back to ancient times when it was primarily used to make jewelry and ornaments. The Egyptians were among the first to use gold for decorative purposes, believing that gold was the flesh of the gods. Gold was also used for trade among ancient civilizations, such as the Phoenicians, who traded with the ancient Egyptians.</p>
<p>The first use of gold as a currency was by the Lydians in the 6th century BC. They minted the first coins made of electrum, a naturally occurring alloy of gold and silver. These coins were accepted as a medium of exchange and became the standard currency in the Mediterranean region.</p>
<h2>Gold in Ancient Rome and Greece</h2>
<p>The ancient Romans and Greeks used gold primarily for trade and commerce. The Romans minted gold coins, such as the aureus, which became the standard currency in the Mediterranean world. The Greek city-states also used gold coins as a medium of exchange and a store of value.</p>
<p>Roman gold coins significantly influenced global commerce, and their use continued throughout the Middle Ages. The Byzantine Empire, which inherited the Roman monetary system, also used gold coins, such as the solidus, as a currency.</p>
<h2>Gold in Medieval Europe and the Middle East</h2>
<p>During the Middle Ages, gold played a crucial role in European economies. Gold was used as a medium of exchange, and the value of currencies was based on the amount of gold held by the respective countries. For example, the gold florin, minted by the Republic of Florence, became a standard currency in Europe.</p>
<p>The Islamic golden age also saw gold dinars and dirhams emerge as a medium of exchange. The Islamic currency system was based on the weight of gold and was widely used in the Middle East and North Africa.</p>
<h2>Gold in the Age of Exploration and the Modern Era</h2>
<p>The discovery of gold in the Americas significantly impacted global trade. Spain and Portugal mined gold and silver from their colonies in the New World, and this wealth fueled their economies. The discovery of gold in California and Australia in the 19th century also contributed to the growth of the global economy.</p>
<p>In the 19th and early 20th centuries, gold became the basis for the gold standard. Under the gold standard, the value of currencies was based on the amount of gold held by the respective countries. The gold standard was widely used until the 1930s when most countries abandoned it due to the economic crisis caused by the Great Depression.</p>
<p>Today, gold is still considered a valuable store of value and a currency. It is widely used as an investment, and many countries hold significant gold reserves. Gold is also used in various industries, such as the electronics, medicine, and aerospace sectors.</p>
<h2>Conclusion</h2>
<p>Gold has played a significant role in human civilization throughout history. It has been used as a currency and store of value by ancient civilizations and continues to be extremely valuable today. The history of gold is a testament to its enduring value and importance in shaping the global economy and society.</p>
<h3>Learn How Gold Trading Works With a Demo Account</h3>
<p>Are you interested in understanding how gold works today? Open a demo account today and get hands-on experience trading gold without risking any real money.</p>
<p>ATFX offers all the major financial products on a robust trading platform allowing you to practice different investment strategies while still learning from a guide or the free training materials ATFX provides. So, get your demo trading account for free now!</p>
<h3>Challenges in Implementing a BRICS Gold-Backed Currency</h3>
<p>While the concept of a BRICS gold-backed currency offers numerous potential benefits, its implementation comes with significant challenges that must be addressed. Key among these is the need to establish a unified framework for valuation and exchange, and the crucial requirement of ensuring sufficient gold reserves to back the currency.</p>
<p>Firstly, creating a unified framework for a gold-backed currency involves complex coordination and agreement among the BRICS nations on various fronts. This includes aligning monetary policies, exchange rates, and mechanisms for gold valuation.</p>
<p>Each BRICS country has its own unique economic conditions, fiscal policies, and levels of gold reserves, making the harmonization of these diverse systems a formidable task. This process requires meticulous planning and negotiation to ensure that the currency reflects the economic realities and needs of all member nations.</p>
",1,"2024-01-21 05:28:33.890037","2024-01-21 05:28:33.890037",2,0
10,"The Role of Gold in Modern Financial Markets","
<h1>The Role of Gold in Modern Financial Markets</h1><img alt='""The Role of Gold in Modern Financial Markets""' height=""500"" src=""/images/20240121150747_84a7cf14-d2e1-4873-969b-4900fdee59f9.jpg"" width=""500""/>
<p>Gold, the precious metal that has captivated human civilization for centuries, continues to play a significant role in modern financial markets. From its unique properties to its various uses, gold holds a special place in the global economy. In this blog post, we will explore the importance of gold in today's financial landscape and how it can benefit investors and individuals alike.</p>
<h2>Introduction: The Allure of Gold</h2>
<p>Gold's allure stems from its remarkable properties. It is an excellent conductor of electricity, resistant to tarnish, malleable, and has a distinct color and luster. These qualities have made gold invaluable in many industries, including jewelry, electronics, and dentistry. However, it is in the realm of finance and investing that gold truly shines.</p>
<h2>The Role of Gold in Financial Markets</h2>
<p>Gold serves several crucial roles in today's financial markets:</p>
<ul>
<li><strong>Store of Value:</strong> Gold has long been regarded as a safe haven asset, preserving wealth during times of economic uncertainty. Its value is not tied to any particular currency or government, making it a reliable store of value.</li>
<li><strong>Hedge against Inflation:</strong> Inflation erodes the purchasing power of fiat currencies, but gold has historically maintained its value over time. As a result, investors often turn to gold as a hedge against inflation.</li>
<li><strong>Diversification:</strong> Adding gold to an investment portfolio can help diversify risk. Gold has a low correlation with other asset classes, such as stocks and bonds, providing a potential hedge in times of market volatility.</li>
<li><strong>Liquidity:</strong> Gold is a highly liquid asset, meaning it can be easily bought and sold on various exchanges around the world. This liquidity makes it a viable option for investors looking to quickly convert their holdings into cash.</li>
</ul>
<h2>Investing in Gold</h2>
<p>There are several ways individuals can invest in gold:</p>
<ul>
<li><strong>Physical Gold:</strong> This involves purchasing gold coins, bars, or jewelry. While physical gold has the advantage of tangibility, it also requires storage and security measures.</li>
<li><strong>Gold ETFs:</strong> Exchange-Traded Funds (ETFs) offer a convenient way to invest in gold without the need for physical ownership. These funds track the price of gold and can be bought and sold like stocks.</li>
<li><strong>Gold Futures and Options:</strong> Futures and options contracts allow investors to speculate on the future price of gold without owning the physical metal. These derivative instruments provide leverage and can be used for hedging purposes.</li>
<li><strong>Gold Mining Stocks:</strong> Investing in gold mining companies can provide exposure to the gold market. However, it is important to research and analyze individual companies before investing.</li>
</ul>
<h2>Benefits of Owning Gold</h2>
<p>Owning gold can offer several benefits:</p>
<ul>
<li><strong>Preservation of Wealth:</strong> Gold has a long history of preserving wealth and acting as a hedge against economic downturns.</li>
<li><strong>Inflation Protection:</strong> Gold has shown a strong correlation with inflation, making it a valuable asset for safeguarding purchasing power.</li>
<li><strong>Diversification:</strong> Adding gold to an investment portfolio can help reduce risk and enhance overall returns.</li>
<li><strong>Liquidity:</strong> Gold can be easily bought and sold, providing investors with quick access to cash when needed.</li>
</ul>
<h2>Conclusion</h2>
<p>Gold's role in modern financial markets cannot be understated. Its unique properties and historical significance make it a valuable asset for investors and individuals alike. Whether used as a store of value, a hedge against inflation, or a portfolio diversifier, gold offers numerous advantages. Consider exploring the various investment options available and consult with a financial advisor to determine the best approach for your financial goals.</p>
",1,"2024-01-21 06:07:47.526001","2024-01-21 06:07:47.526001",10,0
11,"The Environmental Impact of Gold Mining","
<h1>The Environmental Impact of Gold Mining</h1><img alt=""The Environmental Impact of Gold Mining."" height=""500"" src=""/images/20240121150931_de7c7495-bc49-4910-a9e9-fa5eb3817948.jpg"" width=""500""/>
<p>Gold mining has been a popular industry for centuries, with people drawn to the allure of finding this precious metal. However, what many people don't realize is the significant environmental impact that gold mining can have. In this blog post, we will explore the environmental consequences of gold mining and why it is an important issue that needs to be addressed.</p>
<h2>Introduction</h2>
<p>Gold mining is an extraction process that involves removing large amounts of geological material from the earth to access the gold ore. This material is then processed using various techniques to extract the gold. Unfortunately, this process results in the production of large amounts of waste material, such as waste rock and tailings, which can have detrimental effects on the environment.</p>
<h2>The Environmental Impact of Gold Mining</h2>
<p>One of the most significant environmental impacts of gold mining is the pollution of soil and water with potentially toxic elements (PTEs). These elements can accumulate in plants and animals, posing a risk to both the environment and human health. In developed countries, various industries contribute to heavy metal pollution, but in less developed countries like South Africa, gold mining is often the largest source of soil and water pollution.</p>
<ul>
<li>Excessive levels of PTEs in soil and water can have long-lasting effects on the environment.</li>
<li>PTEs can accumulate in plants and animals, posing a risk to human health.</li>
<li>Gold mining is a major source of heavy metal pollution in South Africa.</li>
</ul>
<p>Another environmental impact of gold mining is the destruction of natural habitats and biodiversity. The excavation and processing of gold ore can lead to the destruction of flora and fauna, as well as the alteration of landscapes. This can have long-term consequences for ecosystems and the species that depend on them.</p>
<ul>
<li>Gold mining can result in the destruction of natural habitats and biodiversity.</li>
<li>The alteration of landscapes can have long-term consequences for ecosystems.</li>
<li>Species that depend on these habitats may be negatively affected.</li>
</ul>
<h2>Solving the Problem</h2>
<p>Addressing the environmental impact of gold mining requires a multi-faceted approach. First and foremost, mining companies need to take responsibility for the proper disposal and management of waste materials, such as waste rock and tailings. This includes securing mining spoil materials against causing negative environmental impacts, especially pollution with toxic levels of heavy metals.</p>
<p>Additionally, governments and regulatory bodies should enforce stricter regulations and monitoring of gold mining activities. This can help ensure that mining companies are held accountable for their environmental impact and encourage them to adopt more sustainable practices. Investing in research and development of cleaner and more efficient mining technologies can also help minimize the environmental impact of gold mining.</p>
<h2>The Benefits of Addressing the Issue</h2>
<p>By addressing the environmental impact of gold mining, we can protect and preserve our natural resources. This includes safeguarding soil and water quality, maintaining biodiversity, and protecting the health and well-being of local communities who rely on these resources. Additionally, adopting more sustainable mining practices can help reduce greenhouse gas emissions and combat climate change.</p>
<h2>What You Can Do</h2>
<p>As a consumer, you have the power to support responsible and sustainable gold mining practices. Consider purchasing gold from companies that prioritize environmental stewardship and social responsibility. Additionally, you can support organizations and initiatives that work towards improving the environmental impact of the mining industry.</p>
<p>By taking these steps, we can work towards minimizing the environmental impact of gold mining and ensure a more sustainable future for our planet.</p>
<h2>Conclusion</h2>
<p>The environmental impact of gold mining is a significant issue that needs to be addressed. From pollution of soil and water to the destruction of natural habitats and biodiversity, the consequences of gold mining are far-reaching. By holding mining companies accountable, implementing stricter regulations, and investing in sustainable mining practices, we can minimize the environmental impact of gold mining and protect our planet for future generations.</p>
",1,"2024-01-21 06:09:31.2589","2024-01-21 06:09:31.2589",1,0
12,"The History and Significance of the Gold Standard in the Global Economy","
<h1>The History and Significance of the Gold Standard in the Global Economy</h1><img alt='""The History and Significance of the Gold Standard in the Global Economy""' height=""500"" src=""/images/20240121151133_29979f37-9cbe-4bbc-a3ee-9a4d4935de40.jpg"" width=""500""/>
<p>Have you ever wondered about the role of gold in the global economy? How did it become such an important standard for currency exchange? In this blog post, we will explore the history and significance of the gold standard and its impact on the world economy. Join me as we dive into this fascinating topic!</p>
<h2>The Rise of the Gold Standard</h2>
<p>Ever since the establishment of the Bretton Woods system in 1958, the convertibility of the US dollar to gold was fixed at $35 an ounce. This system instilled confidence in the global monetary system, with the US government holding nearly 75 percent of the world's official gold reserves.</p>
<p>However, the demand for gold increased in the 1960s as exports from Western Europe and Japan became more competitive with the US. Additionally, the large Cold War expenditures contributed to an excess supply of US dollars in circulation.</p>
<h2>The Faltering Economy</h2>
<p>In the late 1960s, the US economy was hit by high inflation and unemployment rates, resulting in stagflation - a combination of slow growth and high inflation. To combat this, US President Richard Nixon made a historic announcement on 15 August 1971, declaring the end of the fixed exchange rate system known as the Bretton Woods 'gold standard'.</p>
<p>During his speech, Nixon outlined three points to protect the US economy - lower unemployment rates, curb inflation, and minimize international speculation. He argued that the 'gold standard' was no longer sustainable, as currency speculators waged an all-out war on the US dollar.</p>
<p>""I have directed Secretary Connally to suspend temporarily the convertibility of the American dollar except in amounts and conditions determined to be in the interest of monetary stability and in the best interests of the United States. ... If you want to buy a foreign car or take a trip abroad, market conditions may cause your dollar to buy slightly less. But if you are among the overwhelming majority of Americans who buy American-made products in America, your dollar will be worth just as much tomorrow as it is today. The effect of this action, in other words, will be to stabilize the dollar."" - Richard Nixon</p>
<h2>The Significance of the Gold Standard</h2>
<p>The gold standard played a crucial role in the global economy by providing stability and confidence in the monetary system. It ensured that currencies were backed by a tangible asset, preventing excessive money printing and inflation. However, as the global economy evolved, the gold standard became increasingly unsustainable.</p>
<p>With the end of the gold standard, currencies were no longer tied to a fixed exchange rate with gold. This led to the emergence of floating exchange rates, where currency values fluctuated based on market forces. While this introduced more flexibility, it also increased the risk of currency volatility and financial instability.</p>
<p>Despite its demise, the gold standard remains a significant part of economic history. It serves as a reminder of the challenges and complexities involved in maintaining a stable global monetary system.</p>
<h2>The Future of the Global Economy</h2>
<p>Looking ahead, the global economy continues to face various challenges and uncertainties. The COVID-19 pandemic has disrupted economies worldwide, leading to unprecedented levels of government spending and monetary stimulus.</p>
<p>While the gold standard is unlikely to make a comeback in its previous form, discussions about alternative monetary systems and digital currencies are gaining momentum. Central banks are exploring the possibility of issuing their own digital currencies, which could potentially offer benefits such as increased efficiency, transparency, and financial inclusion.</p>
<h2>Conclusion</h2>
<p>The history and significance of the gold standard in the global economy cannot be understated. It played a vital role in providing stability and confidence in the monetary system. However, as the world changed, so did the need for a new approach to currency exchange.</p>
<p>As we navigate the complexities of the global economy, it is essential to understand the past to shape the future. The gold standard serves as a valuable lesson about the challenges and trade-offs involved in maintaining a stable monetary system.</p>
<p>So, what can we do as individuals? Stay informed, engage in discussions, and advocate for policies that promote economic stability and sustainability. The global economy affects us all, and it is up to us to shape its future.</p>
",1,"2024-01-21 06:11:33.192768","2024-01-21 06:11:33.192768",7,0
13,"Understanding the Different Karats of Gold in Jewelry","
<h1>Understanding the Different Karats of Gold in Jewelry</h1><img alt='""Understanding the Different Karats of Gold in Jewelry""' height=""500"" src=""/images/20240121152258_330eab89-7250-44fd-90e8-caa2d7b3758f.jpg"" width=""500""/>
<p>When it comes to purchasing jewelry, one of the most important factors to consider is the karat of gold used. Understanding the different karats of gold can help you make an informed decision and ensure that you are getting the best value for your money. In this blog post, we will explore the various karats of gold, their properties, and their significance in jewelry making.</p>
<h2>The Significance of Gold Karats</h2>
<p>Gold is a precious metal that has been used in jewelry making for centuries. It is highly valued for its beauty, durability, and rarity. However, pure gold is too soft to be used in its pure form for jewelry, as it would easily bend and lose its shape. To make gold suitable for jewelry, it is mixed with other metals to create an alloy. The karat of gold refers to the purity of the gold alloy used in jewelry, with 24 karat gold being the purest form.</p>
<h2>The Different Karats of Gold</h2>
<p>Gold jewelry is available in various karats, with the most common being 10k, 14k, 18k, and 24k. Each karat represents a specific percentage of pure gold in the alloy. Here is a breakdown of the different karats:</p>
<ul>
<li><strong>24 Karat Gold (24k):</strong> This is the purest form of gold, containing 99.9% gold and 0.1% other metals. It has a rich, yellow color and is very soft and malleable. However, it is not suitable for everyday wear due to its softness.</li>
<li><strong>18 Karat Gold (18k):</strong> This karat contains 75% gold and 25% other metals. It is a popular choice for fine jewelry, as it offers a good balance between purity and durability. It has a vibrant yellow color and is less prone to scratching and tarnishing compared to higher karat gold.</li>
<li><strong>14 Karat Gold (14k):</strong> This karat contains 58.3% gold and 41.7% other metals. It is a common choice for engagement rings and wedding bands, as it is more affordable than higher karat gold while still offering good durability. It has a slightly paler yellow color compared to higher karat gold.</li>
<li><strong>10 Karat Gold (10k):</strong> This karat contains 41.7% gold and 58.3% other metals. It is the most affordable option for gold jewelry but has the lowest gold content. It is more durable and less prone to bending or scratching, making it suitable for everyday wear. However, it has a paler yellow color and may cause skin irritations in some individuals due to the higher percentage of other metals.</li>
</ul>
<h2>Choosing the Right Karat for Your Jewelry</h2>
<p>When selecting gold jewelry, it is essential to consider your personal preferences, budget, and intended use. Here are a few factors to consider when choosing the right karat for your jewelry:</p>
<ul>
<li>Color: Higher karat gold, such as 18k and 24k, will have a richer, more vibrant yellow color, while lower karat gold, such as 10k, will have a paler yellow hue.</li>
<li>Durability: Higher karat gold is softer and more prone to scratches and bends, while lower karat gold is more durable and suitable for everyday wear.</li>
<li>Care: Higher karat gold requires more care to maintain its appearance, while lower karat gold is more resistant to tarnishing and requires less maintenance.</li>
<li>Price: Higher karat gold is more expensive due to its higher gold content, while lower karat gold is more affordable.</li>
</ul>
<h2>Conclusion</h2>
<p>Understanding the different karats of gold is essential for anyone looking to purchase gold jewelry. By knowing the properties and significance of each karat, you can make an informed decision that suits your personal preferences and budget. Whether you prefer the rich, vibrant color of higher karat gold or the affordability and durability of lower karat gold, there is a karat that is perfect for you. So, the next time you go jewelry shopping, take the time to consider the karat of gold and choose a piece that will bring you joy for years to come.</p>
",1,"2024-01-21 06:22:58.286777","2024-01-21 06:22:58.286777",4,0
14,"The Impact of Gold Rushes on Global Economies and Societies","
<h1>The Impact of Gold Rushes on Global Economies and Societies</h1><img alt='""The Impact of Gold Rushes on Global Economies and Societies""' height=""500"" src=""/images/20240121153901_5672a429-e5c3-4d75-b363-fc752d25bf79.jpg"" width=""500""/>
<p>Have you ever wondered about the impact of gold rushes on global economies and societies? Well, look no further! In this blog post, we will explore the fascinating history of gold rushes and how they shaped the world as we know it today.</p>
<h2>Introduction</h2>
<p>Gold rushes have occurred throughout history, from the California Gold Rush in the mid-1800s to the Klondike Gold Rush in the late 1800s. These gold rushes attracted thousands of people from all over the world in search of their fortune, and their impact on global economies and societies cannot be underestimated.</p>
<h2>The Size and Composition of the Population</h2>
<p>One of the first impacts of gold rushes was the sudden influx of people to the areas where gold was discovered. These populations grew rapidly, with thousands of people arriving in search of gold. This led to a diverse mix of individuals from different backgrounds and cultures coming together in one place.</p>
<p>For example, during the California Gold Rush, people from all over the world, including Europe, China, and Latin America, flocked to California in search of gold. This influx of people led to the development of multicultural communities and the blending of different traditions and languages.</p>
<h2>Areas of Settlement</h2>
<p>The discovery of gold often led to the rapid development of new settlements and towns. These settlements were often located in remote areas, far away from existing cities and infrastructure. As a result, new infrastructure had to be built to support the growing population.</p>
<p>For instance, during the Klondike Gold Rush in the Yukon Territory of Canada, the town of Dawson City was established practically overnight. Within a few months, it transformed from a small outpost to a bustling town with hotels, saloons, and businesses catering to the needs of the gold prospectors.</p>
<h2>Economic Impact</h2>
<p>The economic impact of gold rushes cannot be overstated. The discovery of gold led to an increase in economic activity as people spent money on mining supplies, food, and other goods and services. This, in turn, stimulated the local economy and created job opportunities.</p>
<p>Furthermore, gold rushes often led to the development of new industries. In California, for example, the gold rush led to the growth of agriculture as people settled in the region and needed to be fed. This resulted in the establishment of farms and the growth of the agricultural industry.</p>
<h2>Life on the Goldfields</h2>
<p>Life on the goldfields was challenging and often harsh. People faced difficult living conditions, including crowded and unsanitary living quarters, and a lack of basic amenities such as clean water and medical care.</p>
<p>However, life on the goldfields also brought people together and fostered a sense of community. Miners would often work together in teams to pan for gold or dig for it in underground mines. This sense of camaraderie and shared experience created a unique bond among the miners.</p>
<h2>Eureka Stockade</h2>
<p>The Eureka Stockade, which occurred during the Victorian gold rush in Australia, was a defining moment in the history of gold rushes. It was a rebellion against the oppressive mining licensing system and the corrupt authorities who enforced it.</p>
<p>The Eureka Stockade represented the struggles of the miners against unfair treatment and the fight for democratic rights. The events that unfolded during the Eureka Stockade had a lasting impact on the development of democracy in Australia and the world.</p>
<h2>Conclusion</h2>
<p>Gold rushes have had a profound impact on global economies and societies. They have shaped the development of new settlements, stimulated economic growth, and brought people from different backgrounds together.</p>
<p>Furthermore, gold rushes have played a key role in the fight for democratic rights and the development of democratic systems of government.</p>
<p>So, the next time you think about gold rushes, remember their impact on the world as we know it today. It is a reminder of the power of human ambition and the ability to shape history.</p>
",1,"2024-01-21 06:39:01.135864","2024-01-21 06:39:01.135864",10,0
26,"Exploring the Role of Volcanic Activity in the Formation of Gold Deposits","
<h1>Exploring the Role of Volcanic Activity in the Formation of Gold Deposits</h1><img alt='""Exploring the Role of Volcanic Activity in the Formation of Gold Deposits""' height=""500"" src=""/images/20240118014840_512e24a0-8eda-489e-a76c-8e1998d480ff.jpg"" width=""500""/>
<p>Have you ever wondered how gold deposits are formed? It turns out that volcanic activity plays a crucial role in the creation of these precious metal deposits. In this blog post, we will delve into the fascinating connection between volcanoes and gold formation, uncovering the science behind this natural phenomenon.</p>
<h2>The Importance of Volcanic Activity</h2>
<p>Volcanic activity is a powerful force of nature, capable of shaping the Earth's surface and creating unique geological features. It is during volcanic eruptions that gold deposits begin to form. The extreme heat and pressure generated by volcanic activity provide the ideal conditions for gold to crystallize and accumulate.</p>
<p>When a volcano erupts, it releases a variety of gases and minerals from deep within the Earth's mantle. These gases and minerals, including gold-rich fluids, rise to the surface through cracks and fissures in the Earth's crust. As the volcanic activity continues, these fluids cool and solidify, forming veins and deposits of gold.</p>
<h2>Volcanoes as Gold Factories</h2>
<p>Volcanoes can be thought of as gold factories, as they are responsible for concentrating and redistributing gold from deep within the Earth's crust. The intense heat and pressure generated by volcanic activity cause the surrounding rocks to undergo significant changes. This process, known as metamorphism, can result in the formation of gold-bearing ore deposits.</p>
<p>Volcanic eruptions also release large amounts of volcanic ash and pyroclastic material into the atmosphere. These materials can contain traces of gold and other precious metals. Over time, these particles settle and accumulate, forming sedimentary layers that may contain economically viable concentrations of gold.</p>
<h2>Types of Gold Deposits Associated with Volcanic Activity</h2>
<p>There are several types of gold deposits that are commonly associated with volcanic activity:</p>
<ul>
<li>Epithermal Deposits: These deposits are formed at shallow depths and are typically associated with recent volcanic activity. They are characterized by hot, mineral-rich fluids that flow through cracks and fissures in the Earth's crust.</li>
<li>Porphyry Deposits: Porphyry deposits are large, low-grade deposits that are formed in association with intrusive igneous rocks. The mineralization process occurs over a long period of time and is driven by the heat and fluids released during volcanic activity.</li>
<li>Skarn Deposits: Skarn deposits form when hot fluids from a magma chamber interact with carbonate-rich rocks. The chemical reactions between the fluids and the rocks result in the precipitation of gold and other minerals.</li>
</ul>
<h2>Exploring the Benefits of Volcanic Gold Deposits</h2>
<p>Understanding the role of volcanic activity in the formation of gold deposits provides several benefits:</p>
<ul>
<li>Predictive Exploration: By studying the geological characteristics of volcanic regions, geologists can identify areas with a higher potential for gold mineralization. This knowledge can greatly enhance the efficiency of gold exploration efforts.</li>
<li>Economic Significance: Volcanic gold deposits have been a major source of gold production throughout history. The discovery and development of new deposits can have a significant impact on local economies and global gold supply.</li>
<li>Environmental Considerations: The study of volcanic gold deposits can also shed light on the environmental impacts of gold mining. By understanding the natural processes that create these deposits, we can develop more sustainable mining practices.</li>
</ul>
<h2>Take Action and Explore</h2>
<p>Now that you have learned about the role of volcanic activity in the formation of gold deposits, why not take the opportunity to explore these fascinating geological phenomena further? Visit your local natural history museum, join a geological society, or read up on the subject to deepen your understanding of Earth's hidden treasures.</p>
<p>By appreciating the intricate relationship between volcanoes and gold formation, we can gain a greater appreciation for the Earth's geological processes and the valuable resources they provide.</p>
<h2>Conclusion</h2>
<p>Volcanic activity is not only a sight to behold; it also plays a crucial role in the formation of gold deposits. The extreme heat and pressure generated during volcanic eruptions provide the perfect conditions for gold to crystallize and accumulate. By understanding the connection between volcanoes and gold formation, we can unlock the secrets of these precious metal deposits and make informed decisions about their exploration and mining.</p>
",1,"2024-01-17 16:48:40.153957","2024-01-21 07:56:40.581904",6,3
29,"The Impact of Gold Mining on the Environment and Sustainable Solutions","
<h1>The Impact of Gold Mining on the Environment and Sustainable Solutions</h1><img alt='""The Impact of Gold Mining on the Environment and Sustainable Solutions""' height=""500"" src=""/images/20240118015934_6c0179f0-bded-4d34-bdd9-2f9b953eec05.jpg"" width=""500""/>
<p>Gold has long been a coveted and valuable resource, particularly in the realm of jewelry. Its resistance to solvents, lack of tarnish, and malleability make it a desirable material. However, the process of gold mining has a significant environmental impact that cannot be ignored. In this blog post, we will explore the detrimental effects of gold mining on the environment and discuss potential sustainable solutions to mitigate these issues.</p>
<h2>Water Contamination from Gold Mining</h2>
<p>While small-scale gold mining, such as panning in rivers, has minimal impact on water quality, large-scale gold mining operations have far-reaching consequences. Gold is often found in ore and sediment that contain toxins like mercury. When rivers are dredged to mine gold deposits, these toxins are released downstream and enter the food chain. This has been observed in California's South Yuba River, where mercury contamination has had a devastating impact on the local ecosystem.</p>
<p>Not only does water contamination harm wildlife populations, but it also poses risks to human populations. In Montana, two open-pit gold mines that closed in 1998 continue to cost taxpayers millions of dollars in reclamation and water treatment efforts. Cyanide used in these mines to extract gold from ore has resulted in high levels of pollution, rendering nearby water resources unusable until extensive treatment and purification are carried out.</p>
<h2>Destruction of Habitat</h2>
<p>The process of gold mining often involves moving massive amounts of soil and rock, leading to the destruction of surrounding wildlife habitats. For example, a proposed gold and copper mine in Alaska's Bristol Bay would destroy approximately 24 miles of streams that support the world's largest sockeye salmon fishery. Additionally, thousands of acres of wetlands and ponds would be lost, adversely affecting local communities that rely heavily on this fishery.</p>
<h2>Risks and Accidents</h2>
<p>Regular operations at gold mines contribute to environmental degradation in various ways. The use of large mining equipment consumes significant amounts of fuel, resulting in greenhouse gas emissions. However, the potential for mine accidents and leaks poses an even greater threat to land and water resources in the vicinity. Contaminated tailings, or waste ore, must be stored behind dams to prevent widespread toxin release. Failure of these structures could have catastrophic consequences, necessitating proper maintenance and monitoring.</p>
<h2>Air Pollution from Mining</h2>
<p>Artisanal and small-scale gold mining operations often use mercury, which can become airborne, polluting both the air and water. To address this issue, efforts are underway to develop and promote mercury-free gold mining methods. Another chemical compound used in gold mining, sodium cyanide, can also contribute to air and water pollution if not properly contained.</p>
<h2>Sustainable Solutions</h2>
<p>While the environmental impact of gold mining is significant, there are viable solutions to mitigate these effects and promote sustainability. Some potential strategies include:</p>
<ul>
<li>Promoting responsible mining practices that prioritize environmental protection</li>
<li>Implementing stricter regulations and enforcement to minimize pollution and habitat destruction</li>
<li>Investing in research and development of cleaner and more sustainable gold extraction methods</li>
<li>Supporting initiatives that promote recycling and the use of recycled gold</li>
<li>Encouraging responsible consumer choices by raising awareness about the environmental impact of gold mining</li>
</ul>
<p>It is crucial for governments, mining companies, and consumers to work together to find and implement sustainable solutions. By prioritizing the protection of the environment and supporting responsible mining practices, we can minimize the negative impact of gold mining on ecosystems and communities.</p>
<h2>Conclusion</h2>
<p>The environmental impact of gold mining is a pressing issue that requires immediate attention. Water contamination, habitat destruction, and air pollution are just a few of the detrimental effects caused by gold mining operations. However, through sustainable solutions and collective action, we can work towards minimizing these impacts and promoting a more responsible approach to gold mining. It is essential for individuals, communities, and industries to recognize the importance of environmental stewardship and take steps towards a more sustainable future.</p>
",1,"2024-01-17 16:59:34.722941","2024-01-21 18:10:44.533135",1,5
